capacity_mwh,power_mw,annual_revenue_eur,mean_daily_profit_eur
1.0,1.0,30948.96,84.56
2.0,1.0,57246.975000000006,156.41250000000002
4.0,1.0,96705.435,264.22249999999997
